,title,price,sales,delivery
0,"Sponsored
YOKEKON Low Carb Rice Cooker Stainless Steel Inner Pot, Low Sugar 8 Cup Large Rice Maker with Steamer Basket, 24H Delay Timer and Auto Keep Warm Feature, Sushi/Grain/Cake/Porridge,Black",$119.99,"125
100+ bought in past month","Delivery Wed, Oct 23
Ships to Italy"
1,"Sponsored
CUCKOO CR-0675FW 6-Cup (Uncooked) / 12-Cup (Cooked) Micom Rice Cooker with Nonstick Inner Pot, 13 Menu Modes, LCD Display, Fuzzy Logic Tech, Auto Clean (White)",$76.49,"2,903
2K+ bought in past month","Delivery Wed, Oct 23
Ships to Italy"
2,"Instant Pot Duo 7-in-1 Mini Electric Pressure Cooker, Slow Rice Cooker, Steamer, Sauté, Yogurt Maker, Warmer & Sterilizer, Includes Free App with over 1900 Recipes, Stainless Steel, 3 Quart",$69.99,"125,645
9K+ bought in past month","Delivery Wed, Oct 23
Ships to Italy"
3,"Instant Pot Duo Plus 9-in-1 Electric Pressure Cooker, Slow Cooker, Rice Cooker, Steamer, Sauté, Yogurt Maker, Warmer & Sterilizer, Includes App With Over 800 Recipes, Stainless Steel, 6 Quart",$129.99,"#1 Top Rated
53,279
20K+ bought in past month","$54.61 delivery
Ships to Italy
Only 16 left in stock (more on the way)."
4,"Crock-Pot 7 Quart Oval Manual Slow Cooker, Stainless Steel (SCV700-S-BR), Versatile Cookware for Large Families or Entertaining",$29.99,"32,981
50K+ bought in past month","Delivery Wed, Oct 23
Ships to Italy"
5,"HAWKINS Classic CL50 5-Liter New Improved Aluminum Pressure Cooker, Small, Silver",$39.90,"2,356
200+ bought in past month","Delivery Fri, Oct 25
Ships to Italy
Only 13 left in stock - order soon."
6,"Sponsored
Sync Gold Wireless Meat Thermometer Digital with Dual 10X Signal Probes, Ensuring No Lost Connection in Kamado Cookers, Featuring a Standalone Base for Quick and Easy Control",$229.99,"15
100+ bought in past month","Delivery Wed, Oct 23
Ships to Italy"
7,"Hawkins CB30 Hard Anodised Pressure Cooker, 3-Liter, Contura Black",$41.90,"34,677
200+ bought in past month","Delivery Wed, Oct 23
Ships to Italy"
8,"AROMA Digital Rice Cooker, 4-Cup (Uncooked) / 8-Cup (Cooked), Steamer, Grain Cooker, Multicooker, 2 Qt, Stainless Steel Exterior, ARC-914SBD",$29.92,"60,580
20K+ bought in past month","Delivery Wed, Oct 23
Ships to Italy"
9,"Zojirushi NS-TSC10 5-1/2-Cup (Uncooked) Micom Rice Cooker and Warmer, 1.0-Liter",$142.07,"12,897
6K+ bought in past month","Delivery Wed, Oct 23
Ships to Italy"
10,"Crock-Pot Large 8-Quart Programmable Slow Cooker with Auto Warm Setting, Black Stainless Steel (Pack of 1)",$68.99,"15,977
10K+ bought in past month","Delivery Wed, Oct 23
Ships to Italy"
11,"Sponsored
Electric Cooktop 2 Burners,110v Electric Stove Top,ANHANE Infrared Burner 12 Inch Built-in Double Induction Cooktop,20 Temperature,Compatible for All Cookware with Plug",$159.99,60,"Delivery Thu, Oct 24
Ships to Italy"
12,"Aroma Housewares Aroma 6-cup (cooked) 1.5 Qt. One Touch Rice Cooker, White (ARC-363NG), 6 cup cooked/ 3 cup uncook/ 1.5 Qt.",$19.99,"18,544
10K+ bought in past month","Delivery Wed, Oct 23
Ships to Italy"
13,"Zojirushi NS-ZCC10 5-1/2-Cup Neuro Fuzzy Rice Cooker and Warmer, Premium White",$194.39,"#1 Top Rated
11,473
4K+ bought in past month","Delivery Wed, Oct 23
Ships to Italy"
14,"Zojirushi NS-LGC05XB Micom Rice Cooker & Warmer, 3-Cups (uncooked), Stainless Black",$156.99,"7,258
4K+ bought in past month","Delivery Wed, Oct 23
Ships to Italy"
15,"Ninja MC1001 Foodi PossibleCooker PRO 8.5 Quart Multi-Cooker, with 8-in-1 Slow Cooker, Dutch Oven, Steamer, Glass Lid Integrated Spoon, Nonstick, Oven Safe Pot to 500°F, Sea Salt Gray",$149.95,"3,214
2K+ bought in past month","Delivery Wed, Oct 23
Ships to Italy"
16,"Sponsored
CUCKOO CR-0632F 6-Cup (Uncooked) / 12-Cup (Cooked) Micom Rice Cooker with Nonstick Inner Pot, 11 Menu Modes, LCD Display, Fuzzy Logic Tech, Auto Clean (White/Grey)",$79.99,"2,507
500+ bought in past month","Delivery Wed, Oct 23
Ships to Italy"
17,"COSORI Electric Pressure Cooker 6 qt, 9-in-1 Instant Multi Cooker with Safer Venting Design, Rice Cooker, Slow Cooker, Sous Vide, Saute Pot, 1100W, Stainless Steel",$79.97,"2,655
4K+ bought in past month","Delivery Thu, Oct 24
Ships to Italy"
18,"Crock-Pot 7-Quart Slow Cooker, Portable Programmable with Timer, Locking Lid, Stainless Steel; an Essential Kitchen Appliance, Perfect for Families and Gatherings",$81.46,"2,976
9K+ bought in past month","Delivery Thu, Oct 24
Ships to Italy"
19,"COMFEE' Compact Rice Cooker, 6-in-1 Stainless Steel Multi Cooker, Slow Cooker, Steamer, Saute, and Warmer, 2 QT, 8 Cups Cooked(4 Cups Uncooked), Brown Rice, Quinoa and Oatmeal, 6 One-Touch Programs",$39.99,"14,189
5K+ bought in past month","Delivery Wed, Oct 23
Ships to Italy"
20,"Hawkins HC20 Contura 2-Liter Pressure Cooker, Small, Aluminum",$31.80,"19,964","Delivery Thu, Oct 24
Ships to Italy
Only 5 left in stock - order soon."
21,"Sponsored
PYY Countertop Pizza Oven 2 shelves Electric Indoor Pizza Oven Commercial Stainless Steel 2-Layers Pizza Cooker 12 Inch (Black)",$239.99,3,"Delivery Thu, Oct 24
Ships to Italy"
22,"Sponsored
Sous Vide Machine, Sous Vide Cooker 1100W, Immersion Circulator Precisional Cooker with Touch Control, Accurate Temperature, Fast Heating, Time Control, Ultra-quiet, IPX7 Waterproof",$59.99,"95
50+ bought in past month","Delivery Wed, Oct 23
Ships to Italy"
23,"Sponsored
SENSARTE Nonstick Cookware Set 13-Piece, Non Stick Pots and Pans Set with Swiss Granite Coating, Non-toxic Kitchen Cooking Set, Stay-Cool Handles, PFOA Free",$99.95,"18
600+ bought in past month","Delivery Thu, Oct 24
Ships to Italy"
24,"Hawkins B60 Pressure Cooker, 3 L, Stainless Steel, Silver",$61.00,"8,815
100+ bought in past month","Delivery Wed, Oct 23
Ships to Italy"
25,"CUCKOO CR-0632F 6-Cup (Uncooked) / 12-Cup (Cooked) Micom Rice Cooker with Nonstick Inner Pot, 11 Menu Modes, LCD Display, Fuzzy Logic Tech, Auto Clean (White/Grey)",$79.99,"2,507
500+ bought in past month","Delivery Wed, Oct 23
Ships to Italy"
26,"CHEF iQ Smart Pressure Cooker 10 Cooking Functions & 18 Features, Built-in Scale, 1000+ Presets & Times & Temps w/App for 600+ Foolproof Guided Recipes, Rice & Slow Electric MultiCooker, 6 Qt",$177.47,"2,345
1K+ bought in past month","Delivery Wed, Oct 23
Ships to Italy"
27,"Hamilton Beach Slow Cooker, Extra Large 10 Quart, Stay or Go Portable With Lid Lock, Dishwasher Safe Crock, Black (33195)",$69.99,"17,569
6K+ bought in past month","Delivery Wed, Oct 23
Ships to Italy"
28,"Instant Pot Pro (8 QT) 10-in-1 Pressure Cooker, Slow Cooker, Rice/Grain Cooker, Steamer, Sauté, Sous Vide, Yogurt Maker, Sterilizer, and Warmer, Includes App With Over 800 Recipes, Black",$169.95,"4,298
1K+ bought in past month","Delivery Wed, Oct 23
Ships to Italy"
29,"Instant Pot Duo 7-in-1 Electric Pressure Cooker, Slow Cooker, Rice Cooker, Steamer, Sauté, Yogurt Maker, Warmer & Sterilizer, Includes App With Over 800 Recipes, Stainless Steel, 8 Quart",$119.99,"46,192
7K+ bought in past month","Delivery Wed, Oct 23
Ships to Italy"
30,"Presto 01781 Pressure Canner and Cooker, 23 qt, Silver",$124.00,"19,197
3K+ bought in past month","Delivery Wed, Oct 23
Ships to Italy"
31,"Elite Gourmet EGC115M Easy Egg Cooker Electric 7-Egg Capacity, Soft, Medium, Hard-Boiled Egg Cooker with Auto Shut-Off, Measuring Cup Included, BPA Free, Retro Mint",$11.99,"4,989
4K+ bought in past month","Delivery Wed, Oct 23
Ships to Italy"
32,"Sponsored
COOK WITH COLOR: 210 Watt Egg Cooker - 6 Egg Capacity, Rapid Cook Time, Auto Shut Off, with Tray, Measuring Cup, and Lid, Stainless Steel",$27.99,"64
100+ bought in past month","Delivery Thu, Oct 24
Ships to Italy"
33,"Sponsored
CUCKOO CRP-ST0609FG 6-Cup (Uncooked) / 12-Cup (Cooked) Twin Pressure Rice Cooker & Warmer with Nonstick Inner Pot, 16 Menu Options, 3 Voice Guide, Auto Clean (Gray)",$174.99,"211
500+ bought in past month","Delivery Thu, Oct 24
Ships to Italy
Only 20 left in stock (more on the way)."
34,"T-fal Clipso Stainless Steel Pressure Cooker 6.3 Quart, Induction , Secure locking System, One Hand System, Recipe Book Included, Cookware, Pots and Pans, Kitchen, Dishwasher Safe, Silver",$59.99,"14,170
1K+ bought in past month","Delivery Wed, Oct 23
Ships to Italy"
35,"Instant Superior Cooker 7.5QT Slow Cooker and Multicooker, 4-in-1 Functions, Sears/Sauté, Slow Cooks/Roast, Steams and Warms, From The Makers of Instant Pot",$69.95,"90
2K+ bought in past month","$51.39 delivery
Ships to Italy"
36,Presto 01362 6-Quart Stainless Steel Pressure Cooker,$67.54,"14,244
1K+ bought in past month","Delivery Wed, Oct 23
Ships to Italy"
37,"Instant Pot RIO, 7-in-1 Electric Multi-Cooker, Pressure Cooker, Slow Cooker, Rice Cooker, Steamer, Sauté, Yogurt Maker, & Warmer, Includes App With Over 800 Recipes, 6 Quart",$89.95,"1,751
3K+ bought in past month","Delivery Wed, Oct 23
Ships to Italy"
38,"Instant Pot Duo Plus, 6-Quart Whisper Quiet 9-in-1 Electric Pressure Cooker, Slow Rice Steamer, Sauté, Yogurt Maker, Warmer & Sterilizer, Free App with 800+ Recipes, Stainless Steel",$99.95,"1,818
2K+ bought in past month","Delivery Wed, Oct 23
Ships to Italy"
39,"DASH Rapid Egg Cooker: 6 Egg Capacity Electric Egg Cooker for Hard Boiled Eggs, Poached Eggs, Scrambled Eggs, or Omelets with Auto Shut Off Feature - Black",$18.99,"#1 Top Rated
124,920
10K+ bought in past month","Delivery Wed, Oct 23
Ships to Italy"
40,"CUCKOO CR-1095 10-Cup (Uncooked) / 20-Cup (Cooked) Basic Rice Cooker and Warmer with Nonstick Inner Pot, Switch Press (White)",$73.99,"40
100+ bought in past month","Delivery Wed, Oct 23
Ships to Italy"
41,"Sponsored
Drizzle 3L Hot Pot Cooker Electrical Skillet - Multifunction Frying Pan 110V Non-Stick Grill Stir-fried Stewed Cookware Steak Noodle Ramen Shabu Shabu Pot - Home Office Party Kitchen Dorm Cooking",$39.99,192,"Delivery Wed, Oct 23
Ships to Italy"
42,"Sponsored
Sous Vide Machine：Sous Vide Cooker 1100 Watts Immersion Sous Vide Low Temperature Cooker Immersion Circulator for Sous Vide",$39.99,70,"Delivery Wed, Oct 23
Ships to Italy
Only 14 left in stock - order soon."
43,"Sponsored
ESLITE LIFE 11 Inch Nonstick Round Grill Pan with Lid for Indoor Cooking, Versatile Induction Large Grilling Skillet Steak Pan for Stove Tops, PTFE & PFOA Free, White
Aluminum",$39.99,"2,900
50+ bought in past month","Delivery Wed, Oct 23
Ships to Italy"
44,"Sponsored
Cuckoo Micom Rice Cooker & Warmer, 6 cups, LCD-Display 11-Menu Options, Turbo, Mixed, and Brown/GABA, Porridge, Steam MultiCook, My Mode, 16-Various Cooking Methods, Red/White",$69.99,"3,067
1K+ bought in past month","Delivery Wed, Oct 23
Ships to Italy"
45,"TOSHIBA Rice Cooker Small 3-Cup Uncooked– LCD Display with 8 Cooking Functions: Rice, Oatmeal, Mixed Grains and More, NonStick Inner Pot, Grey",$89.99,"2,341
2K+ bought in past month","Delivery Thu, Oct 24
Ships to Italy"
46,"Hamilton Beach Programmable Slow Cooker with Flexible Easy Programming, 5 Cooking Times, Dishwasher-Safe Crock, Lid, 4 Quart, Silver",$39.99,"10,125
5K+ bought in past month","Delivery Wed, Oct 23
Ships to Italy"
47,"Electric Hot Pot:1.5 L Ramen Cooker, Dual Power Mini Portable Multi-Functional Lazy Pot for Pasta, Noodles, Egg, Soup, Non-Stick Noodle Cooker with Boil Dry Protection for Dorm, Office (Grey)",$26.99,"117
700+ bought in past month","Delivery Wed, Oct 23
Ships to Italy"
48,Zojirushi 3 Cup Rice Cooker/Steamer ( White),$49.99,"11,358
1K+ bought in past month","Delivery Wed, Oct 23
Ships to Italy"
49,"COSORI Rice Cooker 10 Cup, 24h Keep Warm, 18 Functions Fuzzy Logic Rice Maker with Stainless Steel Steamer Basket, Sauté, Slow Cooker, Black",$99.99,"1,922
2K+ bought in past month","Delivery Wed, Oct 23
Ships to Italy"
50,"AROMA® 6-Cup(cooked) / 1.3Qt. Select Stainless™ Rice Cooker, Stainless Steel Inner Pot (ARC-753SG)",$29.98,"15,326
4K+ bought in past month","Delivery Wed, Oct 23
Ships to Italy"
51,"Crock-Pot 6 Quart Cook & Carry Programmable Slow Cooker with Digital Timer, Stainless Steel (CPSCVC60LL-S), pack of 1",$124.90,"28,327
6K+ bought in past month","Delivery Wed, Oct 23
Ships to Italy"
52,"Cuckoo Micom Rice Cooker & Warmer, 6 cups, LCD-Display 11-Menu Options, Turbo, Mixed, and Brown/GABA, Porridge, Steam MultiCook, My Mode, 16-Various Cooking Methods, Red/White",$69.99,"3,067
1K+ bought in past month","Delivery Wed, Oct 23
Ships to Italy"
53,"Sponsored
[CUCHEN] CRH-TWK1040WUS | Induction Heating Dual Pressure Rice Cooker 10 Cup (Uncooked) | Non-stick Coating | Stainless Cover | High/Non-Pressure | Easy Open Handle | Auto Steam Clean | Made in Korea",$292.99,27,"Delivery Wed, Oct 23
Ships to Italy"
54,"Sponsored
COOK WITH COLOR 6 Cup Rice Cooker 300W - Effortless Cooking and Perfectly, Cooks 3 Cups of Raw Rice for 6 Cups of Cooked Rice, Pink",$32.99,"81
200+ bought in past month","Delivery Wed, Oct 23
Ships to Italy"
55,"CUCKOO CR-0375FW 3 Cup (Uncooked) / 6 Cup (Cooked) Micom Rice Cooker & Warmer with Nonstick Inner Pot, 10 Menu Modes, LCD Display, Fuzzy Logic Tech, Auto Clean (White)",$84.99,"2,903
1K+ bought in past month","Delivery Wed, Oct 23
Ships to Italy"
56,"Instant Pot Duo Plus, 8-Quart Whisper Quiet 9-in-1 Electric Pressure Cooker, Slow Rice Cooker, Steamer, Sauté, Yogurt Maker, Warmer & Sterilizer, App With Over 800 Recipes, Stainless Steel",$129.95,"1,226
2K+ bought in past month","Delivery Wed, Oct 23
Ships to Italy"
57,"AROMA® Digital Rice Cooker, 4-Cup (Uncooked) / 8-Cup (Cooked), Steamer, Multicooker, Slow Cooker, Oatmeal Cooker, Auto Keep Warm, 2 Qt, Stainless Steel Exterior",$39.99,"3,341
1K+ bought in past month","Delivery Wed, Oct 23
Ships to Italy"
58,"Toshiba Rice Cooker 6 Cup Uncooked – Japanese Rice Cooker with Fuzzy Logic Technology, 7 Cooking Functions, Digital Display, 2 Delay Timers and Auto Keep Warm, Non-Stick Inner Pot, White",$149.99,"2,901
1K+ bought in past month","Delivery Wed, Oct 23
Ships to Italy"
59,"BLACK+DECKER 16-Cup Rice Cooker, RC516, 8-Cup Uncooked Rice, Steaming Basket, Removable Non-Stick Bowl, One Touch",$29.99,"52,812
3K+ bought in past month","Delivery Wed, Oct 23
Ships to Italy"
60,"COMFEE' Rice Cooker, Japanese Large Rice Cooker with Fuzzy Logic Technology, 11 Presets, 10 Cup Uncooked/20 Cup Cooked, Auto Keep Warm, 24-Hr Delay Timer",$84.99,"5,565
1K+ bought in past month","Delivery Wed, Oct 23
Ships to Italy"
61,"Aroma Housewares 6-Cup (Cooked) (3-Cup Uncooked) Pot Style Rice Cooker and Food Steamer (ARC-743-1NG), White",$19.79,"42,129
2K+ bought in past month","Delivery Wed, Oct 23
Ships to Italy"
62,"Aroma Housewares ARC-363-1NGB 3 Uncooked/6 Cups Cooked Rice Cooker, Steamer, Multicooker, 2-6 cups, Black",$19.55,"16,237
5K+ bought in past month","Delivery Wed, Oct 23
Ships to Italy"
63,"Sponsored
VOBAGA Electric Egg Cooker, Rapid Egg Boiler with Auto Shut Off for Soft, Medium, Hard Boiled, Poached, Steamed Eggs, Vegetables and Dumplings, Stainless Steel Tray with 7-Egg Capacity (Black)",$30.99,"1,437
100+ bought in past month","Delivery Wed, Oct 23
Ships to Italy"
64,"Sponsored
Hot Pot Electric, 3L Portable Electric Pot with Ceramic Non-stick Coating, Dual Power Multi-functional Romen Cooker for Steak, Pasta, Hot Pot, Ramen, Quick Heating and Overheat Protection",$45.99,"671
100+ bought in past month","Delivery Thu, Oct 24
Ships to Italy"
65,"Sponsored
Audecook Hot Pot Electric 2L, Cermic Glaze Non-Stick Frying Pan 8 Inch, Portable Travel Cooker for Ramen/Steak/Fried Rice/Oatmeal/Soup, with Dual Power Control (Silicone Spatula Included)",$39.99,"1,982
100+ bought in past month","Delivery Wed, Oct 23
Ships to Italy"
66,"Sponsored
Sous Vide Machine-Suvee Cooker-Rocyis Sous Vide Kit with Lid, Recipes-1000W Fast Heating Immersion Circulator/Accurate Temperature and Timer/Digital Touch Screen, Stainless Steel (US Standard)",$69.99,"232
100+ bought in past month","Delivery Wed, Oct 23
Ships to Italy"
67,"Zojirushi NP-HCC10XH Induction Heating System Rice Cooker and Warmer, 1 L, Stainless Dark Gray",$315.08,"4,165
600+ bought in past month","Delivery Wed, Oct 23
Ships to Italy"
68,"Anova Culinary Sous Vide Precision Cooker 3.0 (WiFi), 1100 Watts",$119.95,"423
2K+ bought in past month","Delivery Wed, Oct 23
Ships to Italy"
69,"Hot Pot Electric with Steamer, Rapid Noodles Cooker,Non-Stick Electric Pot for Raman, Soup, Noodles, Steak, Oatmeal, Rapid, with Temperature control, (Rotary switch), 1.8L,Beige",$23.55,"171
100+ bought in past month","Delivery Wed, Oct 23
Ships to Italy"
70,"CHEFMAN Multifunctional Digital Air Fryer+ Rotisserie, Dehydrator, Convection Oven, 17 Touch Screen Presets Fry, Roast, Dehydrate, Bake, XL 10L Family Size, Auto Shutoff, Large Easy-View Window, Black",$89.99,"40,162
10K+ bought in past month","Delivery Wed, Oct 23
Ships to Italy"
71,"GreenLife 4-Cup Digital Rice Cooker, PFAS & PFOA-Free Removable Ceramic Dishwasher Safe Pot, Healthy Cooking Oats Grains & More, Auto Presets, Touch-screen, Delay & Keep Warm, Paddle Included, Black",$49.99,"4,350
900+ bought in past month","Delivery Wed, Oct 23
Ships to Italy"
72,"Crock-Pot 2-QT, Black Round Manual Slow Cooker",$11.99,"10,031
10K+ bought in past month","Delivery Wed, Oct 23
Ships to Italy"
73,"Instant Pot Duo Crisp Ultimate Lid, 13-in-1 Air Fryer and Pressure Cooker Combo, Sauté, Slow Cook, Bake, Steam, Warm, Roast, Dehydrate, Sous Vide, & Proof, App With Over 800 Recipes, 6.5 Quart, Black",$156.05,"1,475
2K+ bought in past month","Delivery Wed, Oct 23
Ships to Italy"
74,"Hawkins CXT50 Contura Hard Anodized Induction Compatible Extra Thick Base Pressure Cooker, Black, 5L, 5 L",$59.90,"7,037
100+ bought in past month","$36.32 delivery
Ships to Italy"
75,"Sponsored
Magnifique 6 Quart Programmable Slow Cooker, Kitchen Appliances, Perfect Kitchen Small Appliance for Family Dinners, Red Stainless Steel",$62.99,980,"Delivery Thu, Oct 24
Ships to Italy
Only 1 left in stock - order soon."
76,"Sponsored
Sous Vide Wifi Cooker, Immersion Circulator for Sous-Vide, Suvee Cooker, Cattleman Cuisine Sous Vide Machine with Cookbook, Precision Temperature & Timer, 1000W, Noise-free, Waterproof",$74.99,32,"Delivery Wed, Oct 23
Ships to Italy"
77,"COMFEE’ Pressure Cooker 6 Quart with 12 Presets, Multi-Functional Programmable Slow Cooker, Rice Cooker, Steamer, Sauté pan, Egg Cooker, Warmer and More",$89.99,"1,986
100+ bought in past month","Delivery Thu, Oct 24
Ships to Italy"
78,"STIRMAX PLUS 7.5 Quart Digital Multi-Cooker with Automatic Paddle to Stir and Shred, 9 in 1 programmable presets to Sauté, Sear, and Brown Food Before Simmering – Accessories & Cookbook Included",$129.99,"33
700+ bought in past month","Delivery Wed, Oct 23
Ships to Italy"
79,"Aroma Housewares 4-Cups (Cooked) / 1Qt. Rice & Grain Cooker (ARC-302NG), White",$18.99,"10,675
4K+ bought in past month","Delivery Wed, Oct 23
Ships to Italy"
80,"GreenLife Cook Duo Healthy Ceramic Nonstick Programmable 6 Quart Family-Sized Slow Cooker, PFAS-Free, Removable Lid and Pot, Digital Timer, Adjustable Temperature Control, Dishwasher Safe Parts, Pink",$45.65,"3,568
1K+ bought in past month","Delivery Wed, Oct 23
Ships to Italy"
81,"Elite Gourmet MST-250XS Electric Slow Cooker Ceramic Pot, Adjustable Temp, Entrees, Sauces, Stews & Dips, Dishwasher Safe Glass Lid & Crock, 1.5 Quart, Stainless Steel",$14.99,"23,770
3K+ bought in past month","Delivery Wed, Oct 23
Ships to Italy"
82,Presto 01282 8-Quart Aluminum Pressure Cooker,$57.49,"13,457
600+ bought in past month","Delivery Wed, Oct 23
Ships to Italy"
83,"CUCKOO CR-3032 30-Cup (Uncooked) / 60-Cup (Cooked) Large Capacity Commercial Rice Cooker & Warmer with Nonstick Inner Pot, Switch Press (Silver/Black)",$184.99,"254
300+ bought in past month","Delivery Wed, Oct 23
Ships to Italy"
84,"Sponsored
Toastmaster 4-Quart Digital Slow Cooker with Locking Lid (Graphite)",$52.99,136,"Delivery Wed, Oct 23
Ships to Italy"
85,"Sponsored
Drizzle 3L Hot Pot Cooker Skillet Steamer - Multifunction Frying Pan 110V Non-Stick Grill Stir-fried Stewed Cookware Steak Noodle Ramen Shabu Shabu Pot - Home Office Party Kitchen Dorm Cooking White",$46.99,192,"$29.49 delivery
Ships to Italy"
